Kultur;Stadium;id_element;Variable;y_max;x_max;a_l;a_r
Winterweizen;EC 39-41;p_n;N (% TS);0,85435777;2,24348305;-0,52928487;-0,49969334
Winterweizen;EC 39-41;p_c;C (% TS);0,87198644;42,95806582;-0,16603399;-0,16603399
Winterweizen;EC 39-41;p_p;P (% TS);0,90276623;0,2627271;-34,29092642;-107,49368188
Winterweizen;EC 39-41;p_k;K (% TS);0,85154306;2,74244386;-0,18836102;-0,1672714
Winterweizen;EC 39-41;p_ca;Ca (% TS);0,87306018;0,3096343;-34,0098487;-34,0070284
Winterweizen;EC 39-41;p_mg;Mg (% TS);0,87408344;0,10928713;-177,69338305;-177,68603837
Winterweizen;EC 39-41;p_s;S (% TS);0,8817905;0,19689039;-60,45772077;-60,45571636
Winterweizen;EC 39-41;p_b;B (ppm);0,8712842;3,60472595;-0,06360108;-0,06162896
Winterweizen;EC 39-41;p_mn;Mn (ppm);0,84171379;42,0516341;-0,00129798;-0,0
Winterweizen;EC 39-41;p_cu;Cu (ppm);0,88063848;6,52133429;-0,04797638;-0,01338514
Winterweizen;EC 39-41;p_zn;Zn (ppm);0,85982955;23,85922167;-0,00369813;-0,00309789
Winterweizen;EC 39-41;p_fe;Fe (ppm);0,79645255;71,76012701;-0,00014014;-0,00014658
Winterweizen;EC 39-41;p_mo;Mo (ppm);0,89948065;0,66652938;-0,28727007;-0,19861991
Winterweizen;EC 39-41;p_al;Al (ppm);0,85083389;72,24100936;-3,957e-05;-6,093e-05
Winterweizen;EC 39-41;p_c_n;C/N-Verhältnis;0,87074598;20,92093179;-2,3e-06;-0,00526485
Winterweizen;EC 39-41;b_p;P (mg/100 g);0,95223292;9,59853633;-0,00157345;-0,00200441
Winterweizen;EC 39-41;b_k;K (mg/100 g);0,87087734;17,24502485;-0,00039781;-0,00035411
Winterweizen;EC 39-41;b_mg;Mg (mg/100 g);0,87205363;11,80428745;-0,00444234;-0,00332961
Winterweizen;EC 39-41;b_ca;Ca (mg/100 g);0,83194938;227,73161633;-1,464e-05;-1,464e-05
Winterweizen;EC 39-41;b_b;B (mg/kg);0,85791282;1,02274657;-0,70663077;-0,59502469
Winterweizen;EC 39-41;b_mn;Mn (mg/kg);0,90753833;153,35568182;-1,678e-05;-4,17e-06
Winterweizen;EC 39-41;b_cu;Cu (mg/kg);0,77505382;3,47106585;-0,06896193;-0,07140929
Winterweizen;EC 39-41;b_zn;Zn (mg/kg);0,83091478;8,5960079;-0,01327235;-0,01360467
Winterweizen;EC 39-41;b_fe;Fe (mg/kg);0,84077333;60,13884481;-7,225e-05;-6,589e-05
Winterweizen;EC 39-41;b_c_n;C/N;0,87134949;10,22792016;-0,03625329;-0,1834048
Winterweizen;EC 39-41;b_c;C (% TS)2;0,88143598;1,74963217;-0,55724725;-0,51387281
Winterweizen;EC 39-41;b_n;N(% TS);0,82789839;0,15722378;-71,95858043;-45,98651427
Winterweizen;EC 39-41;b_humus;Humus (%TS);0,88427772;2,94395544;-0,18662098;-0,15840627
Winterweizen;EC 42-45;p_n;N (% TS);0,76922482;2,14406377;-0,04708508;-1,14e-06
Winterweizen;EC 42-45;p_c;C (% TS);0,77122505;42,33303239;-1e-08;-0,00278073
Winterweizen;EC 42-45;p_p;P (% TS);0,80079818;0,22970681;-56,07416613;-56,08458003
Winterweizen;EC 42-45;p_k;K (% TS);0,77839447;2,7780816;-0,09181921;-0,14979007
Winterweizen;EC 42-45;p_ca;Ca (% TS);0,83576654;0,28320072;-16,45674708;-16,45442646
Winterweizen;EC 42-45;p_mg;Mg (% TS);0,94447086;0,1161573;-263,35881593;-263,34825293
Winterweizen;EC 42-45;p_na;Na (% TS);0,76656884;0,0104666;-9480,94270942;-9480,94274151
Winterweizen;EC 42-45;p_s;S (% TS);0,91246693;0,20931228;-42,12316755;-42,13434758
Winterweizen;EC 42-45;p_b;B (ppm);0,76428012;4,69484057;-0,00112734;-0,00112734
Winterweizen;EC 42-45;p_mn;Mn (ppm);0,86345694;41,86400187;-0,00047365;-0,0001076
Winterweizen;EC 42-45;p_cu;Cu (ppm);0,77408869;6,0679243;-0,03705027;-0,02191132
Winterweizen;EC 42-45;p_zn;Zn (ppm);0,82796645;11,16723691;-0,00135008;-0,00058458
Winterweizen;EC 42-45;p_fe;Fe (ppm);0,76428102;63,06230901;-0,0;-7,67e-06
Winterweizen;EC 42-45;p_mo;Mo (ppm);0,79052901;0,71651187;-0,72305669;-0,65152228
Winterweizen;EC 42-45;p_al;Al (ppm);0,77068848;66,10561146;-2,881e-05;-1,853e-05
Winterweizen;EC 42-45;p_c_n;C/N-Verhältnis;0,76437042;21,24498178;-1e-08;-1,189e-05
Winterweizen;EC 42-45;b_p;P (mg/100 g);0,83536816;7,897884;-0,00127321;-0,00211381
Winterweizen;EC 42-45;b_k;K (mg/100 g);0,94943854;16,71668868;-0,00014367;-0,00031046
Winterweizen;EC 42-45;b_mg;Mg (mg/100 g);0,87839138;11,41943357;-0,00073248;-0,0007217
Winterweizen;EC 42-45;b_ca;Ca (mg/100 g);0,8589886;261,13240533;-5,2e-06;-1,28e-06
Winterweizen;EC 42-45;b_b;B (mg/kg);0,79445248;1,0815265;-0,11995605;-0,03765169
Winterweizen;EC 42-45;b_mn;Mn (mg/kg);0,80782485;140,69810924;-7,61e-06;-0,0
Winterweizen;EC 42-45;b_cu;Cu (mg/kg);0,82435122;3,55266511;-0,06152581;-0,01090028
Winterweizen;EC 42-45;b_zn;Zn (mg/kg);0,8145519;4,03246167;-0,04214485;-0,0496465
Winterweizen;EC 42-45;b_fe;Fe (mg/kg);0,96459798;45,41630409;-1,434e-05;-1,261e-05
Winterweizen;EC 42-45;b_c_n;C/N;0,81023313;10,45377628;-0,02434907;-0,01357616
Winterweizen;EC 42-45;b_c;C (% TS)2;0,84998425;1,97865559;-0,15291596;-0,05255493
Winterweizen;EC 42-45;b_n;N(% TS);0,88245621;0,22612019;-21,49873638;-21,45174393
Winterweizen;EC 42-45;b_humus;Humus (%TS);0,85913891;2,87528946;-0,05175639;-0,01284855
Winterweizen;EC 31;p_n;N (% TS);0,92780925;3,92618348;-0,00594635;-0,00844684
Winterweizen;EC 31;p_c;C (% TS);0,96765152;43,06303153;-0,01386845;-0,00783591
Winterweizen;EC 31;p_p;P (% TS);1,04603091;0,37549018;-5,59894992;-5,5144148
Winterweizen;EC 31;p_k;K (% TS);0,95507961;2,94073147;-0,02016166;-0,01139192
Winterweizen;EC 31;p_ca;Ca (% TS);0,99928988;0,88675578;-0,48541631;-0,39196546
Winterweizen;EC 31;p_mg;Mg (% TS);1,00508804;0,31734478;-3,05841345;-2,28655611
Winterweizen;EC 31;p_na;Na (% TS);1,03771651;0,59904516;-0,4446402;-0,39766166
Winterweizen;EC 31;p_s;S (% TS);0,99767003;0,26915512;-13,66143059;-7,40876879
Winterweizen;EC 31;p_b;B (ppm);0,9047611;11,28164113;-0,00126197;-1,03e-06
Winterweizen;EC 31;p_mn;Mn (ppm);0,89875483;67,76686411;-0,0;-0,0
Winterweizen;EC 31;p_cu;Cu (ppm);0,97521195;8,16215588;-0,00514665;-0,00109716
Winterweizen;EC 31;p_zn;Zn (ppm);0,9685435;35,0656799;-7,29e-05;-7,786e-05
Winterweizen;EC 31;p_fe;Fe (ppm);0,98472785;280,65272962;-2,06e-06;-2,52e-06
Winterweizen;EC 31;p_mo;Mo (ppm);0,93688664;1,0167713;-0,07669468;-0,01409753
Winterweizen;EC 31;p_c_n;C/N-Verhältnis;0,91303352;11,97974246;-0,00108399;-1,895e-05
Winterweizen;EC 31;p_ts;TS (%);0,98195273;21,50345995;-0,00102474;-0,00047425
Winterweizen;EC 31;b_p;P (mg/100 g);0,93745264;8,147311;-0,00265361;-0,0017252
Winterweizen;EC 31;b_k;K (mg/100 g);0,98386954;28,94232557;-0,0001928;-0,00032257
Winterweizen;EC 31;b_mg;Mg (mg/100 g);0,92368372;13,0650977;-2,1e-07;-0,00331268
Winterweizen;EC 31;b_ca;Ca (mg/100 g);0,92616499;248,16853339;-1,391e-05;-6e-08
Winterweizen;EC 31;b_b;B (mg/kg);0,94215395;1,04617912;-0,28936677;-0,25025554
Winterweizen;EC 31;b_mn;Mn (mg/kg);0,89818462;143,19184989;-1,7e-07;-9,03e-06
Winterweizen;EC 31;b_cu;Cu (mg/kg);0,94061867;4,24858752;-0,00373174;-0,00102236
Winterweizen;EC 31;b_zn;Zn (mg/kg);0,92153289;6,54211963;-0,0044159;-0,00294073
Winterweizen;EC 31;b_fe;Fe (mg/kg);1,00839947;67,58251936;-1,346e-05;-1,468e-05
Winterweizen;EC 31;b_c_n;C/N;0,9329137;11,56108224;-0,00249458;-0,04423567
Winterweizen;EC 31;b_c;C (% TS)2;0,91818329;2,05846986;-0,10842835;-0,10721191
Winterweizen;EC 31;b_n;N(% TS);0,98711869;0,19265182;-38,9187888;-38,91230892
Winterweizen;EC 31;b_humus;Humus (%TS);0,89766051;3,37271446;-0,0297286;-0,0224564
Winterweizen;EC 37-38;p_n;N (% TS);0,882931;4,30284196;-0,04921537;-0,10173333
Winterweizen;EC 37-38;p_c;C (% TS);0,96669551;41,82850085;-0,00259143;-0,00429796
Winterweizen;EC 37-38;p_p;P (% TS);0,92344979;0,29795408;-17,55662403;-17,55641635
Winterweizen;EC 37-38;p_k;K (% TS);0,92773657;3,6934531;-0,05721569;-0,05742424
Winterweizen;EC 37-38;p_ca;Ca (% TS);0,95641648;0,90195157;-0,29079644;-0,29544408
Winterweizen;EC 37-38;p_mg;Mg (% TS);1,09933019;0,26096315;-1,81500537;-3,61152739
Winterweizen;EC 37-38;p_na;Na (% TS);0,87032157;0,48553531;-1,2817882;-1,14722374
Winterweizen;EC 37-38;p_s;S (% TS);0,92906725;0,31893407;-0,06773227;-6,31683792
Winterweizen;EC 37-38;p_b;B (ppm);0,92891949;10,70059358;-0,00089551;-0,00065931
Winterweizen;EC 37-38;p_mn;Mn (ppm);0,92876816;84,29998002;-9,419e-05;-8,694e-05
Winterweizen;EC 37-38;p_cu;Cu (ppm);0,58126496;12,86299776;-0,00028956;-2e-07
Winterweizen;EC 37-38;p_zn;Zn (ppm);0,92935457;32,69928972;-0,00050464;-0,00048471
Winterweizen;EC 37-38;p_fe;Fe (ppm);1,00681442;407,31530084;-9,9e-07;-1,21e-06
Winterweizen;EC 37-38;p_mo;Mo (ppm);0,58721129;0,81907353;-0,19438468;-0,19854599
Winterweizen;EC 37-38;p_c_n;C/N-Verhältnis;0,93659721;9,59223845;-0,02002638;-0,00101033
Winterweizen;EC 37-38;p_ts;TS (%);0,93378574;18,84583333;-0,00418335;-0,00378374
Winterweizen;EC 37-38;b_p;P (mg/100 g);0,9311925;7,82776556;-0,00604023;-0,00546347
Winterweizen;EC 37-38;b_k;K (mg/100 g);0,92891672;16,45025673;-0,00105972;-0,00092111
Winterweizen;EC 37-38;b_mg;Mg (mg/100 g);0,99973533;12,2991966;-0,00273017;-0,00147764
Winterweizen;EC 37-38;b_ca;Ca (mg/100 g);0,85467402;265,02987192;-1,666e-05;-1,74e-05
Winterweizen;EC 37-38;b_b;B (mg/kg);0,75962275;1,3720275;-0,32305264;-0,211767
Winterweizen;EC 37-38;b_mn;Mn (mg/kg);0,92874599;95,19500095;-3,134e-05;-3,057e-05
Winterweizen;EC 37-38;b_cu;Cu (mg/kg);0,93003576;2,90912696;-0,00947013;-0,0094952
Winterweizen;EC 37-38;b_zn;Zn (mg/kg);0,94804256;5,09180811;-0,00290314;-0,01085855
Winterweizen;EC 37-38;b_fe;Fe (mg/kg);0,96249992;70,76169983;-1,638e-05;-2,572e-05
Winterweizen;EC 37-38;b_c_n;C/N;0,60974357;10,56915291;-0,08144934;-0,07128988
Winterweizen;EC 37-38;b_c;C (% TS)2;0,94470943;1,7882508;-0,33514318;-0,32589933
Winterweizen;EC 37-38;b_n;N(% TS);0,97025691;0,23249359;-47,37211084;-47,32688073
Winterweizen;EC 37-38;b_humus;Humus (%TS);0,9464103;3,10670415;-0,11224753;-0,09492349
Winterweizen;EC 32-36;p_n;N (% TS);0,53127575;4,92098332;-0,10395833;-0,10395833
Winterweizen;EC 32-36;p_c;C (% TS);0,57125811;45,96072441;-0,03351575;-0,03919034
Winterweizen;EC 32-36;p_p;P (% TS);0,53305832;0,41254328;-20,54061944;-20,48590168
Winterweizen;EC 32-36;p_k;K (% TS);0,56003119;3,65808619;-0,04639069;-0,04363828
Winterweizen;EC 32-36;p_ca;Ca (% TS);0,57615941;0,78983131;-1,30450054;-1,21182786
Winterweizen;EC 32-36;p_mg;Mg (% TS);0,57382687;0,4242518;-3,64177646;-3,56931805
Winterweizen;EC 32-36;p_na;Na (% TS);0,52532162;0,21994159;-0,49607792;-0,49607792
Winterweizen;EC 32-36;p_s;S (% TS);0,54217046;0,37452988;-5,47647312;-5,47587566
Winterweizen;EC 32-36;p_b;B (ppm);0,55051456;77,29183535;-8,296e-05;-8,262e-05
Winterweizen;EC 32-36;p_mn;Mn (ppm);0,52628907;66,7;-2,452e-05;-2,452e-05
Winterweizen;EC 32-36;p_cu;Cu (ppm);0,56423273;13,63772449;-0,00329748;-0,00080276
Winterweizen;EC 32-36;p_zn;Zn (ppm);0,59867172;61,40325861;-0,00012146;-0,00012629
Winterweizen;EC 32-36;p_fe;Fe (ppm);0,52628907;327,2;-2,03e-06;-2,03e-06
Winterweizen;EC 32-36;p_mo;Mo (ppm);0,5571479;1,60011251;-0,11600191;-0,06885125
Winterweizen;EC 32-36;p_c_n;C/N-Verhältnis;0,52627098;9,14079542;-0,01355964;-0,0129483
Winterweizen;EC 32-36;p_ts;TS (%);0,53901267;17,42160931;-0,02047629;-0,02259658
Winterweizen;EC 32-36;b_p;P (mg/100 g);0,54821158;8,78071517;-0,00074834;-0,00397431
Winterweizen;EC 32-36;b_k;K (mg/100 g);0,52849803;13,29596924;-6,354e-05;-0,00100358
Winterweizen;EC 32-36;b_mg;Mg (mg/100 g);0,53050782;7,68784253;-0,00071786;-0,00353594
Winterweizen;EC 32-36;b_ca;Ca (mg/100 g);0,5300568;108,51191258;-3,97e-06;-6,21e-06
Winterweizen;EC 32-36;b_b;B (mg/kg);0,59144762;1,00792432;-0,41761034;-0,31586474
Winterweizen;EC 32-36;b_mn;Mn (mg/kg);0,5545908;85,50728504;-1,83e-05;-2,606e-05
Winterweizen;EC 32-36;b_cu;Cu (mg/kg);0,52749276;2,63192091;-0,00367945;-0,00286905
Winterweizen;EC 32-36;b_zn;Zn (mg/kg);0,5582443;5,72289574;-0,00253149;-0,01496632
Winterweizen;EC 32-36;b_fe;Fe (mg/kg);0,5712963;47,98013285;-3,389e-05;-3,389e-05
Winterweizen;EC 32-36;b_c_n;C/N;0,5284475;10,41074356;-0,09694212;-0,09688707
Winterweizen;EC 32-36;b_c;C (% TS)2;0,53209449;1,53637097;-0,66442251;-0,66223502
Winterweizen;EC 32-36;b_n;N(% TS);0,53810066;0,12096049;-106,37401617;-0,73977454
Winterweizen;EC 32-36;b_humus;Humus (%TS);0,54757821;3,08238621;-0,22779093;-0,18923593
Winterweizen;EC > 45;p_n;N (% TS);0,79523826;5,13;-0,16282186;-0,16282186
Winterweizen;EC > 45;p_c;C (% TS);0,79604257;45,96988995;-0,89999005;-0,89999803
Winterweizen;EC > 45;p_p;P (% TS);0,83295852;0,59704816;-5,50347066;-5,48178929
Winterweizen;EC > 45;p_k;K (% TS);0,74865921;3,72146543;-0,49988458;-0,45398456
Winterweizen;EC > 45;p_ca;Ca (% TS);0,80969933;0,37839875;-3,83724813;-4,73074357
Winterweizen;EC > 45;p_mg;Mg (% TS);0,7996739;0,24406344;-10,51283548;-12,7234228
Winterweizen;EC > 45;p_na;Na (% TS);0,81833404;0,35362025;-1,4765395;-1,4404572
Winterweizen;EC > 45;p_s;S (% TS);0,80024207;0,43858199;-10,90861809;-10,90782486
Winterweizen;EC > 45;p_b;B (ppm);0,79625913;39,99977981;-0,00064182;-0,00060384
Winterweizen;EC > 45;p_mn;Mn (ppm);0,79523826;53,3;-0,00015643;-0,00015643
Winterweizen;EC > 45;p_cu;Cu (ppm);0,79523826;15,48;-0,0058593;-0,0058593
Winterweizen;EC > 45;p_zn;Zn (ppm);0,79523826;53,1;-0,00055656;-0,00055656
Winterweizen;EC > 45;p_fe;Fe (ppm);0,77668145;332,57654932;-2,06e-06;-2,57e-06
Winterweizen;EC > 45;p_mo;Mo (ppm);0,79523826;0,93;-0,91945688;-0,91945688
Winterweizen;EC > 45;p_c_n;C/N-Verhältnis;0,79523826;8,95;-0,02707065;-0,02707065
Winterweizen;EC > 45;p_ts;TS (%);0,80903195;17,00955265;-0,0119158;-0,01337614
Winterweizen;EC > 45;b_p;P (mg/100 g);0,77888996;7,21466617;-0,01274216;-0,00941233
Winterweizen;EC > 45;b_k;K (mg/100 g);0,80164507;19,22267245;-0,00092786;-0,00077859
Winterweizen;EC > 45;b_mg;Mg (mg/100 g);0,80384157;5,51907065;-0,01098059;-0,00435002
Winterweizen;EC > 45;b_ca;Ca (mg/100 g);0,79552587;131,99999522;-2,37e-06;-3,65e-06
Winterweizen;EC > 45;b_b;B (mg/kg);0,83186251;1,22970285;-0,1529775;-0,13838799
Winterweizen;EC > 45;b_mn;Mn (mg/kg);0,82839259;131,13030056;-2,772e-05;-2,383e-05
Winterweizen;EC > 45;b_cu;Cu (mg/kg);0,8012012;2,8945923;-0,15747373;-0,15848977
Winterweizen;EC > 45;b_zn;Zn (mg/kg);0,78432777;5,99904602;-0,04678735;-0,0717148
Winterweizen;EC > 45;b_fe;Fe (mg/kg);0,88580496;69,49303147;-0,00014293;-0,0001399
Winterweizen;EC > 45;b_c_n;C/N;0,79524413;9,65117665;-0,07278848;-0,07528883
Winterweizen;EC > 45;b_c;C (% TS)2;0,84397119;1,24192765;-1,17601065;-0,56425282
Winterweizen;EC > 45;b_n;N(% TS);0,80141535;0,12440108;-318,09530341;-318,09530341
Winterweizen;EC > 45;b_humus;Humus (%TS);0,83957358;2,14742608;-0,37082904;-0,36004731
Winterraps;EC 64-65;p_n;N (% TS);0,89385707;4,57101954;-0,06350928;-0,07534351
Winterraps;EC 64-65;p_c;C (% TS);0,84763604;43,33136511;-0,00275885;-0,02580886
Winterraps;EC 64-65;p_p;P (% TS);0,9316377;0,46522632;-13,63832;-4,66882309
Winterraps;EC 64-65;p_k;K (% TS);0,86396782;2,10293749;-0,76694726;-0,71078122
Winterraps;EC 64-65;p_ca;Ca (% TS);0,91050923;3,96043611;-0,07496903;-0,05670008
Winterraps;EC 64-65;p_mg;Mg (% TS);0,90407478;0,27172556;-18,80385533;-18,81312917
Winterraps;EC 64-65;p_na;Na (% TS);0,97649027;0,0474172;-276,48557599;-276,49066112
Winterraps;EC 64-65;p_s;S (% TS);0,88892625;1,26634982;-0,8078822;-0,80502571
Winterraps;EC 64-65;p_b;B (ppm);0,79312518;40,26585322;-0,000203;-0,00036418
Winterraps;EC 64-65;p_mn;Mn (ppm);0,83786486;93,65238085;-1,796e-05;-9,002e-05
Winterraps;EC 64-65;p_cu;Cu (ppm);0,76607793;6,80750668;-0,03872381;-0,0
Winterraps;EC 64-65;p_zn;Zn (ppm);0,93124972;48,00776158;-0,00084607;-0,00073631
Winterraps;EC 64-65;p_fe;Fe (ppm);0,94450404;111,76306994;-0,00021483;-0,00026489
Winterraps;EC 64-65;p_mo;Mo (ppm);0,8325685;1,54893299;-0,12630664;-0,10933649
Winterraps;EC 64-65;p_al;Al (ppm);0,99518124;35,04991998;-0,00010593;-0,00011287
Winterraps;EC 64-65;p_co;Co (ppm);0,99025772;0,06803068;-58,89891745;-58,89829112
Winterraps;EC 64-65;p_c_n;C/N-Verhältnis;0,89433924;9,27202382;-0,00498335;-0,00337309
Winterraps;EC 64-65;b_p;P (mg/100 g);0,9926446;7,49886966;-0,00410163;-0,00430831
Winterraps;EC 64-65;b_k;K (mg/100 g);0,78850053;13,94903955;-0,00095782;-0,00944159
Winterraps;EC 64-65;b_mg;Mg (mg/100 g);0,8390345;7,87066168;-0,00491918;-0,00445713
Winterraps;EC 64-65;b_ca;Ca (mg/100 g);0,99538493;127,50000028;-9,54e-06;-6,89e-06
Winterraps;EC 64-65;b_b;B (mg/kg);0,89321184;0,68255239;-0,96905621;-0,81165874
Winterraps;EC 64-65;b_mn;Mn (mg/kg);0,88304198;120,30003065;-2,434e-05;-1,99e-06
Winterraps;EC 64-65;b_cu;Cu (mg/kg);0,89164426;2,36815734;-0,14008914;-0,15387537
Winterraps;EC 64-65;b_zn;Zn (mg/kg);0,89780613;4,80321314;-0,02777006;-0,01132404
Winterraps;EC 64-65;b_fe;Fe (mg/kg);0,98470877;87,42556965;-7,32e-05;-7,382e-05
Winterraps;EC 64-65;b_c_n;C/N;0,91813399;11,26913622;-0,00882557;-0,01901526
Winterraps;EC 64-65;b_c;C (% TS)2;0,97294166;1,23393622;-0,84410225;-0,86356313
Winterraps;EC 64-65;b_n;N(% TS);0,90462868;0,10370139;-203,14116428;-203,14099635
Winterraps;EC 64-65;b_humus;Humus (%TS);0,97222567;2,14380344;-0,26312798;-0,29564834
Winterraps;EC 62-63;p_n;N (% TS);0,76687629;4,29130444;-0,00719549;-0,0482
Winterraps;EC 62-63;p_c;C (% TS);0,75898781;44,26030907;-0,00151466;-0,01380884
Winterraps;EC 62-63;p_p;P (% TS);0,77512684;0,41733416;-10,33472007;-10,31758223
Winterraps;EC 62-63;p_k;K (% TS);0,78274875;2,22885881;-0,36904887;-0,2999926
Winterraps;EC 62-63;p_ca;Ca (% TS);0,7639297;3,24584199;-0,00425488;-0,00305247
Winterraps;EC 62-63;p_mg;Mg (% TS);0,78536332;0,3248764;-3,20917946;-3,17623891
Winterraps;EC 62-63;p_na;Na (% TS);0,82442827;0,13015593;-7,00222055;-4,63721983
Winterraps;EC 62-63;p_s;S (% TS);0,78431909;0,85584818;-0,16182681;-0,1509151
Winterraps;EC 62-63;p_b;B (ppm);0,86969129;62,80044111;-9,117e-05;-9,653e-05
Winterraps;EC 62-63;p_mn;Mn (ppm);0,81267188;79,80468046;-2,078e-05;-2,411e-05
Winterraps;EC 62-63;p_cu;Cu (ppm);0,75603603;7,63423294;-0,01148302;-2,947e-05
Winterraps;EC 62-63;p_zn;Zn (ppm);0,80803056;47,50106325;-0,00015049;-0,0001676
Winterraps;EC 62-63;p_fe;Fe (ppm);0,75703718;105,76123444;-8,4e-06;-1,804e-05
Winterraps;EC 62-63;p_mo;Mo (ppm);0,78198821;0,93592333;-0,17166974;-0,10283638
Winterraps;EC 62-63;p_al;Al (ppm);0,84288055;47,37858706;-0,00016537;-0,00024199
Winterraps;EC 62-63;p_co;Co (ppm);0,78412349;0,0864072;-53,78480399;-53,78177826
Winterraps;EC 62-63;p_c_n;C/N-Verhältnis;0,75944832;9,98476388;-0,00168258;-0,00020732
Winterraps;EC 62-63;p_ts;TS (%);0,76775165;24,88578695;-0,00396226;-0,00088005
Winterraps;EC 62-63;b_p;P (mg/100 g);0,79501452;8,8102878;-0,00212322;-0,00019689
Winterraps;EC 62-63;b_k;K (mg/100 g);0,76259557;14,75643203;-0,00041152;-2,897e-05
Winterraps;EC 62-63;b_mg;Mg (mg/100 g);0,77420461;11,36586705;-0,00086444;-0,00116399
Winterraps;EC 62-63;b_ca;Ca (mg/100 g);0,77457135;257,49999954;-6,58e-06;-6,84e-06
Winterraps;EC 62-63;b_b;B (mg/kg);0,77775148;0,83620155;-0,39501395;-0,44754277
Winterraps;EC 62-63;b_mn;Mn (mg/kg);0,81268775;151,30056191;-7,86e-06;-8,29e-06
Winterraps;EC 62-63;b_cu;Cu (mg/kg);0,77302774;2,55138478;-0,01850345;-0,0016922
Winterraps;EC 62-63;b_zn;Zn (mg/kg);0,79464511;5,65711074;-0,00654009;-0,00177501
Winterraps;EC 62-63;b_fe;Fe (mg/kg);0,79094479;86,47097907;-4,3e-06;-1,204e-05
Winterraps;EC 62-63;b_c_n;C/N;0,754188;11,41846212;-0,00751846;-9,2e-07
Winterraps;EC 62-63;b_c;C (% TS)2;0,80552048;1,92085396;-0,17612933;-0,19603144
Winterraps;EC 62-63;b_n;N(% TS);0,83950506;0,18736513;-39,40784128;-39,37963225
Winterraps;EC 62-63;b_humus;Humus (%TS);0,79511111;3,35601036;-0,04902364;-0,06134165
Winterraps;EC 53;p_n;N (% TS);0,78698389;4,94369581;-0,01691506;-0,02728148
Winterraps;EC 53;p_c;C (% TS);0,75966102;44,85789689;-0,01127647;-0,06076758
Winterraps;EC 53;p_p;P (% TS);0,81302366;0,73005232;-1,29498377;-1,32338296
Winterraps;EC 53;p_k;K (% TS);0,79080556;2,60273147;-0,1831135;-0,14128935
Winterraps;EC 53;p_ca;Ca (% TS);0,80516411;1,78586815;-0,06733125;-0,08982588
Winterraps;EC 53;p_mg;Mg (% TS);0,81254081;0,18984847;-18,21558078;-18,21002114
Winterraps;EC 53;p_na;Na (% TS);0,80439158;0,08744996;-15,21093997;-15,15461064
Winterraps;EC 53;p_s;S (% TS);0,80654456;1,05090883;-0,37693006;-0,37845787
Winterraps;EC 53;p_b;B (ppm);0,80577087;34,00407664;-0,00011905;-0,00013905
Winterraps;EC 53;p_mn;Mn (ppm);0,80500199;43,00027512;-0,00021465;-0,00013325
Winterraps;EC 53;p_cu;Cu (ppm);0,78093498;7,44939917;-0,01325882;-0,01540166
Winterraps;EC 53;p_zn;Zn (ppm);0,79028812;70,18998809;-4,221e-05;-0,00012803
Winterraps;EC 53;p_fe;Fe (ppm);0,76148634;139,84203328;-3,476e-05;-3,302e-05
Winterraps;EC 53;p_mo;Mo (ppm);0,75868497;1,26104627;-0,11126797;-0,11126797
Winterraps;EC 53;p_c_n;C/N-Verhältnis;0,80378702;11,23491582;-0,00319664;-0,00339359
Winterraps;EC 53;p_ts;TS (%);0,80759808;17,29894083;-0,00502669;-0,00106824
Winterraps;EC 53;b_p;P (mg/100 g);0,80382952;7,41794687;-0,00690283;-0,00224734
Winterraps;EC 53;b_k;K (mg/100 g);0,84853214;18,49774789;-0,00088638;-0,00030165
Winterraps;EC 53;b_mg;Mg (mg/100 g);0,83826837;9,23024526;-0,00300747;-0,0011649
Winterraps;EC 53;b_ca;Ca (mg/100 g);0,78184104;175,9842027;-3,66e-06;-7,53e-06
Winterraps;EC 53;b_b;B (mg/kg);0,82082141;1,08809015;-0,33891522;-0,22785289
Winterraps;EC 53;b_mn;Mn (mg/kg);0,80514476;144,31864358;-5,5e-07;-1,216e-05
Winterraps;EC 53;b_cu;Cu (mg/kg);0,81232472;3,7078167;-0,00801703;-0,00863563
Winterraps;EC 53;b_zn;Zn (mg/kg);0,84235786;7,99958771;-0,00321081;-0,00859494
Winterraps;EC 53;b_fe;Fe (mg/kg);0,82278723;210,46867066;-8,77e-06;-9,71e-06
Winterraps;EC 53;b_c_n;C/N;0,83125894;10,17016386;-0,04217215;-0,06434952
Winterraps;EC 53;b_c;C (% TS)2;0,78381115;1,64002526;-0,23101637;-0,23272812
Winterraps;EC 53;b_n;N(% TS);0,79390326;0,16552759;-1,12612019;-162,74762067
Winterraps;EC 53;b_humus;Humus (%TS);0,7837442;2,82593274;-0,07873541;-0,07912129
Winterraps;EC 55;p_n;N (% TS);0,71002343;2,68;-0,89638106;-0,89638106
Winterraps;EC 55;p_c;C (% TS);0,7467615;44,7198327;-0,05829373;-0,03091222
Winterraps;EC 55;p_p;P (% TS);0,72271233;0,39064224;-144,90274176;-144,89715848
Winterraps;EC 55;p_k;K (% TS);0,71002343;3,22;-0,32857765;-0,32857765
Winterraps;EC 55;p_ca;Ca (% TS);0,71002343;0,35;-58,67962269;-58,67962269
Winterraps;EC 55;p_mg;Mg (% TS);0,70922882;0,1106086;-1775,05858651;-1775,0572469
Winterraps;EC 55;p_na;Na (% TS);0,75274397;0,03063424;-1775,02880663;-1775,02719223
Winterraps;EC 55;p_s;S (% TS);0,7285577;0,22545896;-87,65721415;-87,64822551
Winterraps;EC 55;p_b;B (ppm);0,71002343;3,4;-0,0384004;-0,0384004
Winterraps;EC 55;p_mn;Mn (ppm);0,71776398;30,10508007;-0,00254589;-0,0002868
Winterraps;EC 55;p_cu;Cu (ppm);0,71002343;7,31;-0,42013221;-0,42013221
Winterraps;EC 55;p_zn;Zn (ppm);0,71002343;23,7;-0,00114518;-0,00114518
Winterraps;EC 55;p_fe;Fe (ppm);0,71002343;96,5;-6,367e-05;-6,367e-05
Winterraps;EC 55;p_mo;Mo (ppm);0,71002343;0,81;-17,75058587;-17,75058587
Winterraps;EC 55;p_c_n;C/N-Verhältnis;0,71002343;17,13;-0,00964491;-0,00964491
Winterraps;EC 55;p_ts;TS (%);0,71002343;27,3;-0,01055954;-0,01055954
Winterraps;EC 55;b_p;P (mg/100 g);0,64719936;6,46416518;-0,0383986;-0,0384004
Winterraps;EC 55;b_k;K (mg/100 g);0,71002343;15,3;-0,00896381;-0,00896381
Winterraps;EC 55;b_mg;Mg (mg/100 g);0,71002343;13,6;-0,01733456;-0,01733456
Winterraps;EC 55;b_ca;Ca (mg/100 g);0,71138686;118,43434436;-7,54e-06;-1,109e-05
Winterraps;EC 55;b_b;B (mg/kg);0,71002343;0,67;-4,9170598;-4,9170598
Winterraps;EC 55;b_mn;Mn (mg/kg);0,71002343;112,5;-0,00024862;-0,00024862
Winterraps;EC 55;b_cu;Cu (mg/kg);0,73130967;3,27393888;-0,08381912;-0,0938874
Winterraps;EC 55;b_zn;Zn (mg/kg);0,71002343;6,2;-0,13779104;-0,13779104
Winterraps;EC 55;b_fe;Fe (mg/kg);0,71002343;127,1;-2,91e-05;-2,91e-05
Winterraps;EC 55;b_c_n;C/N;0,70384864;10,04776151;-0,19260618;-0,19260618
Winterraps;EC 55;b_c;C (% TS)2;0,71002343;1,52;-1,16703392;-1,16703392
Winterraps;EC 55;b_n;N(% TS);0,72347398;0,15100959;-110,93752606;-110,94116166
Winterraps;EC 55;b_humus;Humus (%TS);0,71002343;2,61;-0,39542406;-0,39542406
Winterraps;EC 64;p_n;N (% TS);0,80360106;1,76523574;-0,05654142;-0,0493057
Winterraps;EC 64;p_c;C (% TS);0,60692548;44,32824808;-0,18604624;-0,18630928
Winterraps;EC 64;p_p;P (% TS);0,73510444;0,25972844;-5,18377442;-4,84910563
Winterraps;EC 64;p_k;K (% TS);0,7374772;2,01709631;-0,22543422;-0,16777011
Winterraps;EC 64;p_ca;Ca (% TS);0,73198979;0,26886275;-1,90012196;-1,90012196
Winterraps;EC 64;p_mg;Mg (% TS);0,74023993;0,11434555;-10,31729149;-22,83150052
Winterraps;EC 64;p_na;Na (% TS);0,73448095;0,02493739;-18,25887236;-18,26017206
Winterraps;EC 64;p_s;S (% TS);0,73162082;0,18722156;-1,8079928;-9,94137297
Winterraps;EC 64;p_b;B (ppm);0,76468901;13,81027549;-0,00036358;-0,00121644
Winterraps;EC 64;p_mn;Mn (ppm);0,73150701;34,50238496;-0,00059286;-0,00034471
Winterraps;EC 64;p_cu;Cu (ppm);0,79295627;6,80930425;-0,00384884;-0,02441886
Winterraps;EC 64;p_zn;Zn (ppm);0,74038033;23,28152609;-7,976e-05;-0,00180164
Winterraps;EC 64;p_fe;Fe (ppm);0,59892107;69,20760437;-0,00027426;-0,00046343
Winterraps;EC 64;p_mo;Mo (ppm);0,75437777;0,22237933;-1,63423754;-1,62757119
Winterraps;EC 64;p_c_n;C/N-Verhältnis;0,75008669;26,25494194;-0,00098943;-0,00070457
Winterraps;EC 64;p_ts;TS (%);0,73084396;27,70700594;-0,00281782;-0,00152049
Winterraps;EC 64;b_p;P (mg/100 g);0,71656356;4,78745338;-0,00859918;-0,00844343
Winterraps;EC 64;b_k;K (mg/100 g);0,76561241;24,01956853;-0,00046303;-0,00112327
Winterraps;EC 64;b_mg;Mg (mg/100 g);0,74845322;12,62671064;-0,00173328;-0,02921628
Winterraps;EC 64;b_ca;Ca (mg/100 g);0,76354375;217,07548518;-1,223e-05;-2,135e-05
Winterraps;EC 64;b_b;B (mg/kg);0,73684325;1,11287001;-1,83944975;-1,79615235
Winterraps;EC 64;b_mn;Mn (mg/kg);0,82774478;154,97557386;-1,284e-05;-6,44e-06
Winterraps;EC 64;b_cu;Cu (mg/kg);0,68163538;2,56795169;-0,06957846;-0,06956708
Winterraps;EC 64;b_zn;Zn (mg/kg);0,64569149;3,53450317;-0,02414568;-0,02414568
Winterraps;EC 64;b_fe;Fe (mg/kg);0,73163348;110,80284088;-1,62e-05;-1,62e-05
Winterraps;EC 64;b_c_n;C/N;0,65101994;10,34446627;-0,20232878;-0,20232878
Winterraps;EC 64;b_c;C (% TS)2;0,77548045;1,67945874;-1,13296309;-2,29332019
Winterraps;EC 64;b_n;N(% TS);0,71734182;0,16222781;-456,50430155;-319,98952285
Winterraps;EC 64;b_humus;Humus (%TS);0,79820943;2,85205708;-0,6962705;-0,71478675
Winterraps;EC 57-61;p_n;N (% TS);0,76449485;2,61024649;-0,13052034;-0,13052034
Winterraps;EC 57-61;p_c;C (% TS);0,76206672;45,25068822;-0,16774803;-0,1695229
Winterraps;EC 57-61;p_p;P (% TS);0,76906737;0,32618985;-94,36630581;-94,36768929
Winterraps;EC 57-61;p_k;K (% TS);0,8239643;2,53195962;-0,17229316;-0,16210758
Winterraps;EC 57-61;p_ca;Ca (% TS);0,76471833;0,22410383;-2,82684651;-2,82684651
Winterraps;EC 57-61;p_mg;Mg (% TS);0,77502689;0,09259311;-63,17027471;-63,17184261
Winterraps;EC 57-61;p_na;Na (% TS);0,75818967;0,01666943;-9,08893336;-9,08504749
Winterraps;EC 57-61;p_s;S (% TS);0,80771919;0,22839538;-17,27957858;-17,31027108
Winterraps;EC 57-61;p_b;B (ppm);0,76464296;4,09989137;-0,00073266;-0,00073266
Winterraps;EC 57-61;p_mn;Mn (ppm);0,76511078;29,70030359;-0,00050555;-0,00036833
Winterraps;EC 57-61;p_cu;Cu (ppm);0,77839792;5,45666701;-0,01463662;-0,02505438
Winterraps;EC 57-61;p_zn;Zn (ppm);0,77256581;22,65729633;-0,00734698;-0,00071114
Winterraps;EC 57-61;p_fe;Fe (ppm);0,7841978;69,44062638;-0,00015647;-0,0002816
Winterraps;EC 57-61;p_mo;Mo (ppm);0,80508011;0,75270246;-0,2184426;-0,09197646
Winterraps;EC 57-61;p_c_n;C/N-Verhältnis;0,76483424;17,29241066;-0,00228998;-0,00127181
Winterraps;EC 57-61;p_ts;TS (%);0,77173827;24,50075575;-0,00067964;-0,00183311
Winterraps;EC 57-61;b_p;P (mg/100 g);0,78375451;8,48074436;-0,01559958;-0,00376887
Winterraps;EC 57-61;b_k;K (mg/100 g);0,87745628;15,89497457;-0,00362924;-0,00473916
Winterraps;EC 57-61;b_mg;Mg (mg/100 g);0,78765662;9,19808335;-0,01231325;-0,01420706
Winterraps;EC 57-61;b_ca;Ca (mg/100 g);0,86161834;108,52579163;-2,44e-05;-1,077e-05
Winterraps;EC 57-61;b_b;B (mg/kg);0,83714546;0,44352112;-2,22471569;-2,99639881
Winterraps;EC 57-61;b_mn;Mn (mg/kg);0,73931619;94,11769402;-6,896e-05;-2,327e-05
Winterraps;EC 57-61;b_cu;Cu (mg/kg);0,80848234;2,53653197;-0,17888508;-0,07137676
Winterraps;EC 57-61;b_zn;Zn (mg/kg);0,77804188;4,85874767;-0,01348368;-0,02700758
Winterraps;EC 57-61;b_fe;Fe (mg/kg);0,79325393;170,99027944;-2,381e-05;-3,062e-05
Winterraps;EC 57-61;b_c_n;C/N;0,81421024;9,54313048;-0,14459004;-0,13095208
Winterraps;EC 57-61;b_c;C (% TS)2;0,87772557;1,2897055;-0,7973362;-0,65539938
Winterraps;EC 57-61;b_n;N(% TS);0,8100914;0,13532718;-80,18999209;-212,32326111
Winterraps;EC 57-61;b_humus;Humus (%TS);0,82498223;2,09250053;-0,2631983;-0,20217442
Körnermais;40-60 cm;p_n;N (% TS);0,99696679;3,75546039;-0,07442957;-0,0520771
Körnermais;40-60 cm;p_c;C (% TS);0,96152502;43,74454563;-0,06484559;-0,06484559
Körnermais;40-60 cm;p_p;P (% TS);0,89049897;0,44626411;-7,6103125;-0,03778832
Körnermais;40-60 cm;p_k;K (% TS);0,99494737;3,49299329;-0,07181099;-0,0157187
Körnermais;40-60 cm;p_ca;Ca (% TS);0,76845951;0,49478988;-0,14288423;-0,14368355
Körnermais;40-60 cm;p_mg;Mg (% TS);0,98533912;0,18510315;-17,12328767;-17,12276686
Körnermais;40-60 cm;p_na;Na (% TS);1,0045822;0,07342041;-68,46114849;-68,45033552
Körnermais;40-60 cm;p_s;S (% TS);1,03221252;0,73227684;-0,92517723;-0,82226643
Körnermais;40-60 cm;p_b;B (ppm);0,93010649;9,69489807;-4,8e-07;-8,02e-06
Körnermais;40-60 cm;p_mn;Mn (ppm);1,03638308;91,78862197;-5,94e-05;-2,367e-05
Körnermais;40-60 cm;p_cu;Cu (ppm);0,96001814;7,69917859;-0,0083937;-0,01193512
Körnermais;40-60 cm;p_zn;Zn (ppm);0,98668113;27,65164301;-0,00093378;-0,00039773
Körnermais;40-60 cm;p_fe;Fe (ppm);0,91203361;111,39551785;-6,3e-06;-4,16e-06
Körnermais;40-60 cm;p_mo;Mo (ppm);0,95467653;0,67682705;-0,39507647;-0,36846779
Körnermais;40-60 cm;p_c_n;C/N-Verhältnis;0,97537612;14,17108662;-0,00206847;-0,00236116
Körnermais;40-60 cm;p_ts;TS (%);0,98980466;18,99753413;-0,00489181;-0,00516579
Körnermais;40-60 cm;b_p;P (mg/100 g);0,94750397;13,38725359;-0,00186446;-0,00048883
Körnermais;40-60 cm;b_k;K (mg/100 g);0,89434598;31,38980603;-0,00046733;-0,00046722
Körnermais;40-60 cm;b_mg;Mg (mg/100 g);0,89375859;13,24798077;-0,01026969;-0,00011079
Körnermais;40-60 cm;b_ca;Ca (mg/100 g);0,91326908;242,45255322;-3,51e-06;-3,11e-06
Körnermais;40-60 cm;b_b;B (mg/kg);0,99942516;1,06890125;-0,5660591;-0,5660591
Körnermais;40-60 cm;b_mn;Mn (mg/kg);1,11185799;107,08345789;-1,693e-05;-7,79e-06
Körnermais;40-60 cm;b_cu;Cu (mg/kg);0,8914142;3,4463636;-0,07694358;-0,00345934
Körnermais;40-60 cm;b_zn;Zn (mg/kg);0,90884916;5,86709239;-0,0605479;-0,01888034
Körnermais;40-60 cm;b_fe;Fe (mg/kg);0,98629958;69,89501371;-3,807e-05;-3,896e-05
Körnermais;40-60 cm;b_c_n;C/N;0,90470259;10,74987822;-0,0137157;-0,0137157
Körnermais;40-60 cm;b_c;C (% TS)2;1,00487922;2,22674775;-0,455844;-0,36434981
Körnermais;40-60 cm;b_n;N(% TS);0,98389455;0,20700334;-50,31406373;-50,31455039
Körnermais;40-60 cm;b_humus;Humus (%TS);0,97945995;3,70206231;-0,1681494;-0,05640651
Körnermais;Rispenschieben;p_n;N (% TS);0,75438035;3,16696728;-0,45211498;-0,4260416
Körnermais;Rispenschieben;p_c;C (% TS);0,74284205;44,87279296;-0,30533118;-0,31839023
Körnermais;Rispenschieben;p_p;P (% TS);0,73555561;0,3196503;-45,08956513;-45,15623993
Körnermais;Rispenschieben;p_k;K (% TS);0,77476706;2,68990332;-0,37204911;-0,27110634
Körnermais;Rispenschieben;p_ca;Ca (% TS);0,73076856;0,69416162;-3,93543165;-3,94373812
Körnermais;Rispenschieben;p_mg;Mg (% TS);0,74392933;0,24008473;-28,48421253;-16,26695899
Körnermais;Rispenschieben;p_na;Na (% TS);0,72921626;0,01;-7292,16258629;-7292,16258629
Körnermais;Rispenschieben;p_s;S (% TS);0,68453915;0,23196458;-0,79721614;-29,98226257
Körnermais;Rispenschieben;p_b;B (ppm);0,78477917;30,30267424;-0,00013608;-4,613e-05
Körnermais;Rispenschieben;p_mn;Mn (ppm);0,72917322;62,58020984;-0,0;-0,00018189
Körnermais;Rispenschieben;p_cu;Cu (ppm);0,73028129;13,52146703;-0,01864173;-0,00012762
Körnermais;Rispenschieben;p_zn;Zn (ppm);0,72991609;57,15174532;-0,00082115;-0,00035803
Körnermais;Rispenschieben;p_fe;Fe (ppm);0,75719528;155,47970049;-6,038e-05;-5,305e-05
Körnermais;Rispenschieben;p_mo;Mo (ppm);0,74689034;1,54933099;-0,24364872;-0,24364872
Körnermais;Rispenschieben;p_c_n;C/N-Verhältnis;0,72920853;14,6682898;-0,0101533;-0,01591032
Körnermais;Rispenschieben;b_p;P (mg/100 g);0,72912979;7,55021858;-0,00182832;-0,00181844
Körnermais;Rispenschieben;b_k;K (mg/100 g);0,6947867;15,55134472;-0,00216226;-0,00218464
Körnermais;Rispenschieben;b_mg;Mg (mg/100 g);0,68327259;5,64891606;-0,00214575;-0,00196958
Körnermais;Rispenschieben;b_ca;Ca (mg/100 g);0,78344478;212,4126041;-4,31e-06;-2,24e-06
Körnermais;Rispenschieben;b_b;B (mg/kg);0,76570541;1,18658928;-0,08042506;-0,01384545
Körnermais;Rispenschieben;b_mn;Mn (mg/kg);0,73026694;35,74415287;-9,8e-06;-1,219e-05
Körnermais;Rispenschieben;b_cu;Cu (mg/kg);0,74361612;1,72326069;-0,18973404;-0,12574796
Körnermais;Rispenschieben;b_zn;Zn (mg/kg);0,68313497;4,83139006;-0,0;-0,01774763
Körnermais;Rispenschieben;b_fe;Fe (mg/kg);0,7389931;34,32680773;-3,943e-05;-6,988e-05
Körnermais;Rispenschieben;b_c_n;C/N;0,68314671;9,86316729;-0,04133879;-0,04133879
Körnermais;Rispenschieben;b_c;C (% TS)2;0,75642572;1,88152176;-0,11993012;-0,08131036
Körnermais;Rispenschieben;b_n;N(% TS);0,74369625;0,2838195;-12,66000449;-12,62928957
Körnermais;Rispenschieben;b_humus;Humus (%TS);0,75243279;3,14868838;-0,04272173;-0,01949395
Silomais;40-60 cm;p_n;N (% TS);1,03953375;3,70363296;-0,08628653;-0,09106624
Silomais;40-60 cm;p_c;C (% TS);0,69586552;41,66096374;-0,01963949;-0,03191269
Silomais;40-60 cm;p_p;P (% TS);0,67858144;0,65524386;-2,23211061;-3,24850868
Silomais;40-60 cm;p_k;K (% TS);1,02270237;2,9218231;-0,06260694;-0,07801947
Silomais;40-60 cm;p_ca;Ca (% TS);0,93090168;4,17623746;-0,0413009;-0,03733235
Silomais;40-60 cm;p_mg;Mg (% TS);1,04997313;0,44187413;-5,10077102;-0,9625662
Silomais;40-60 cm;p_na;Na (% TS);0,95323806;0,05800381;-276,20667753;-276,19477009
Silomais;40-60 cm;p_s;S (% TS);0,95472264;1,2338877;-0,59539326;-0,25770525
Silomais;40-60 cm;p_b;B (ppm);0,99569152;7,24393935;-0,00026637;-0,00035939
Silomais;40-60 cm;p_mn;Mn (ppm);1,06948755;19,35031567;-9,26e-06;-3,57e-05
Silomais;40-60 cm;p_cu;Cu (ppm);0,98520306;7,43396218;-0,01577242;-0,01577242
Silomais;40-60 cm;p_zn;Zn (ppm);1,0900602;73,36988513;-0,00021404;-0,00016597
Silomais;40-60 cm;p_fe;Fe (ppm);1,00846956;238,03200407;-1,749e-05;-1,875e-05
Silomais;40-60 cm;p_mo;Mo (ppm);1,00344162;1,12948954;-0,02559568;-0,02561907
Silomais;40-60 cm;p_c_n;C/N-Verhältnis;1,05058336;11,87307239;-0,00538937;-0,00651937
Silomais;40-60 cm;p_ts;TS (%);1,0901311;16,57003477;-0,00296571;-0,00529567
Silomais;40-60 cm;b_p;P (mg/100 g);0,99537424;7,9020149;-0,00174078;-0,00159057
Silomais;40-60 cm;b_k;K (mg/100 g);0,99504813;15,29893455;-0,00059513;-0,00067084
Silomais;40-60 cm;b_mg;Mg (mg/100 g);1,01155708;19,97817599;-0,00321007;-0,00315291
Silomais;40-60 cm;b_ca;Ca (mg/100 g);1,12013629;454,80018899;-4,71e-06;-1,89e-06
Silomais;40-60 cm;b_b;B (mg/kg);1,00332667;0,91344292;-0,02636968;-0,10214808
Silomais;40-60 cm;b_mn;Mn (mg/kg);1,02295868;134,60418652;-1,287e-05;-1,287e-05
Silomais;40-60 cm;b_cu;Cu (mg/kg);1,0662959;7,70954067;-0,02058301;-0,01151031
Silomais;40-60 cm;b_zn;Zn (mg/kg);0,99879798;5,65706141;-0,01758343;-0,01758343
Silomais;40-60 cm;b_fe;Fe (mg/kg);0,68572833;215,2946693;-1,173e-05;-1,278e-05
Silomais;40-60 cm;b_c_n;C/N;1,04784625;8,19028289;-0,01219974;-0,01613616
Silomais;40-60 cm;b_c;C (% TS)2;1,00924688;1,8808691;-0,1295925;-0,12952478
Silomais;40-60 cm;b_n;N(% TS);1,00961753;0,20263458;-50,72592715;-50,71227598
Silomais;40-60 cm;b_humus;Humus (%TS);1,01076469;3,19713892;-0,04370213;-0,04370213
Silomais;Rispenschieben;p_n;N (% TS);0,55217458;2,49382708;-0,39282562;-0,45154882
Silomais;Rispenschieben;p_c;C (% TS);0,53387209;44,61388348;-0,04462028;-0,08191346
Silomais;Rispenschieben;p_p;P (% TS);0,5372559;0,36948607;-14,39968677;-6,76841104
Silomais;Rispenschieben;p_k;K (% TS);0,52028436;2,6578403;-0,11128922;-0,09626464
Silomais;Rispenschieben;p_ca;Ca (% TS);0,52122926;0,39280461;-0,66785978;-0,79284137
Silomais;Rispenschieben;p_mg;Mg (% TS);0,53846358;0,17187786;-4,77434791;-4,76120858
Silomais;Rispenschieben;p_s;S (% TS);0,56495699;0,21081234;-38,89212825;-52,02994944
Silomais;Rispenschieben;p_b;B (ppm);0,52012227;10,19989574;-0,00023505;-0,00024241
Silomais;Rispenschieben;p_mn;Mn (ppm);0,52100324;51,60215678;-0,00014212;-0,00014212
Silomais;Rispenschieben;p_cu;Cu (ppm);0,56317662;11,53696139;-0,0013247;-0,00264371
Silomais;Rispenschieben;p_zn;Zn (ppm);0,51993726;34,69766182;-0,00025532;-0,00036214
Silomais;Rispenschieben;p_fe;Fe (ppm);0,53596778;44,09560655;-4,67e-06;-2,205e-05
Silomais;Rispenschieben;p_mo;Mo (ppm);0,54951541;0,93189906;-0,06495065;-0,00918179
Silomais;Rispenschieben;p_c_n;C/N-Verhältnis;0,53548623;17,37044285;-0,00852806;-0,00265105
Silomais;Rispenschieben;p_ts;TS (%);0,52018325;17,4;-0,03420008;-0,03420008
Silomais;Rispenschieben;b_p;P (mg/100 g);0,52097461;7,89929679;-0,00219339;-0,00219339
Silomais;Rispenschieben;b_k;K (mg/100 g);0,5228886;11,48834058;-0,0006843;-0,00164518
Silomais;Rispenschieben;b_mg;Mg (mg/100 g);0,51297216;4,11444335;-0,00520183;-0,00401262
Silomais;Rispenschieben;b_ca;Ca (mg/100 g);0,50225485;84,44298341;-0,0;-1,354e-05
Silomais;Rispenschieben;b_b;B (mg/kg);0,50253691;0,37403802;-0,68725492;-0,68718435
Silomais;Rispenschieben;b_mn;Mn (mg/kg);0,52430427;81,24877823;-1,777e-05;-1,777e-05
Silomais;Rispenschieben;b_cu;Cu (mg/kg);0,5417735;2,33053113;-0,04526442;-0,00419188
Silomais;Rispenschieben;b_zn;Zn (mg/kg);0,53228678;6,56507821;-0,00579645;-0,00548915
Silomais;Rispenschieben;b_fe;Fe (mg/kg);0,52409509;98,32050435;-1,266e-05;-1,266e-05
Silomais;Rispenschieben;b_c_n;C/N;0,52480694;10,60079035;-0,03016726;-0,03129259
Silomais;Rispenschieben;b_c;C (% TS)2;0,52034601;1,22139262;-0,09500023;-0,07333693
Silomais;Rispenschieben;b_n;N(% TS);0,52025438;0,10726422;-13,00458116;-9,50473971
Silomais;Rispenschieben;b_humus;Humus (%TS);0,51155124;2,02102771;-0,0323495;-0,0285469
Silomais;Blüte;p_n;N (% TS);0,2797197;2,61648922;-0,23086998;-0,23012714
Silomais;Blüte;p_c;C (% TS);0,28616973;44,01068465;-0,18428575;-0,20731368
Silomais;Blüte;p_p;P (% TS);0,27796386;0,23578174;-109,71865088;-64,81493679
Silomais;Blüte;p_k;K (% TS);0,29239992;2,09174378;-0,23788348;-0,26824593
Silomais;Blüte;p_ca;Ca (% TS);0,3029747;0,65573438;-8,43499423;-8,43089635
Silomais;Blüte;p_mg;Mg (% TS);0,28275582;0,20983598;-6,69823768;-0,04814265
Silomais;Blüte;p_s;S (% TS);0,27896538;0,162978;-171,43536864;-122,08808343
Silomais;Blüte;p_b;B (ppm);0,28222263;14,99909078;-0,00222645;-0,00462636
Silomais;Blüte;p_mn;Mn (ppm);0,30526732;102,19245757;-2,64e-05;-1,334e-05
Silomais;Blüte;p_cu;Cu (ppm);0,28742361;10,06014164;-0,02531217;-0,03088787
Silomais;Blüte;p_zn;Zn (ppm);0,27433151;42,30003563;-0,00038767;-0,00038767
Silomais;Blüte;p_fe;Fe (ppm);0,25039486;105,3496073;-9,62e-06;-9,62e-06
Silomais;Blüte;p_mo;Mo (ppm);0,30600078;0,6482933;-0,23122554;-0,15443319
Silomais;Blüte;p_c_n;C/N-Verhältnis;0,27753748;16,98845755;-0,00306392;-0,00340148
Silomais;Blüte;b_p;P (mg/100 g);0,2763743;8,30340901;-0,00101984;-0,00093699
Silomais;Blüte;b_k;K (mg/100 g);0,28142443;10,54766497;-0,00425139;-0,00529665
Silomais;Blüte;b_mg;Mg (mg/100 g);0,27619522;9,59332809;-9,404e-05;-0,00190484
Silomais;Blüte;b_ca;Ca (mg/100 g);0,27823089;106,55889585;-8,1e-07;-1,66e-06
Silomais;Blüte;b_b;B (mg/kg);0,29750579;0,49157277;-0,29273735;-0,29579019
Silomais;Blüte;b_mn;Mn (mg/kg);0,27592449;35,46966311;-3,72e-06;-1,071e-05
Silomais;Blüte;b_cu;Cu (mg/kg);0,27927;2,36340675;-0,00355127;-0,00436188
Silomais;Blüte;b_zn;Zn (mg/kg);0,28689638;4,59889975;-0,00303089;-0,00263585
Silomais;Blüte;b_fe;Fe (mg/kg);0,27579973;84,63347192;-1,496e-05;-1,633e-05
Silomais;Blüte;b_c_n;C/N;0,28233783;8,48393863;-0,00847732;-0,04057642
Silomais;Blüte;b_c;C (% TS)2;0,27429663;0,95906842;-0,10480557;-0,11417133
Silomais;Blüte;b_n;N(% TS);0,2757053;0,11295212;-13,98889203;-13,99071182
Silomais;Blüte;b_humus;Humus (%TS);0,27429667;1,64459154;-0,02322645;-0,03876644
